{
  "accuracy": 0.7483333333333333,
  "classification_report": {
    "Change": {
      "precision": 0.9385474860335196,
      "recall": 0.6666666666666666,
      "f1-score": 0.7795823665893271,
      "support": 504.0
    },
    "Incident": {
      "precision": 0.6621867054122775,
      "recall": 0.9509650495565989,
      "f1-score": 0.780728051391863,
      "support": 1917.0
    },
    "Problem": {
      "precision": 0.7452830188679245,
      "recall": 0.15690168818272096,
      "f1-score": 0.25922887612797374,
      "support": 1007.0
    },
    "Request": {
      "precision": 0.8632362897765742,
      "recall": 0.9293002915451894,
      "f1-score": 0.8950508950508951,
      "support": 1372.0
    },
    "accuracy": 0.7483333333333333,
    "macro avg": {
      "precision": 0.8023133750225739,
      "recall": 0.6759584239877939,
      "f1-score": 0.6786475472900146,
      "support": 4800.0
    },
    "weighted avg": {
      "precision": 0.766104174335352,
      "recall": 0.7483333333333333,
      "f1-score": 0.7038788528228999,
      "support": 4800.0
    }
  },
  "model_parameters": {
    "model_type": "randomforest",
    "numeric_features": [
      "email_length",
      "word_count",
      "has_ticket_number",
      "has_urgent",
      "has_request",
      "has_issue",
      "has_greeting"
    ]
  }
}